Query,Clicks,Impressions,CTR,Position
hackernoon,23299,33883,68.76%,1
how to hack whatsapp,12474,61642,20.24%,3.26
whatsapp hack,10541,63199,16.68%,4.21
hack whatsapp,9543,36163,26.39%,3.15
whatsapp hacks,7689,49363,15.58%,4.43
page fault in nonpaged area,6778,155701,4.35%,5.93
hacker noon,5709,8198,69.64%,1.03
one hot encoding,4495,56515,7.95%,3.99
kmode_exception_not_handled,4009,25633,15.64%,3.91
whatsapp hacking,3784,20020,18.90%,3.79
best free proxy,3123,42986,7.27%,6.07
uber eats,3105,48774,6.37%,2.67
full stack developer,3014,260287,1.16%,3.3
deep learning vs machine learning,2752,53636,5.13%,4.99
whatsapp hacker,2444,16415,14.89%,4.32
kmode_exception_not_handled windows 10,2370,8410,28.18%,2.71
8 ball pool hack,2122,58119,3.65%,9.04
visa provisioning service,2035,18887,10.77%,4.13
whatsapp hacked,2025,32499,6.23%,7.73
hacking whatsapp,1966,8704,22.59%,2.89
cross platform app development,1962,16989,11.55%,1.92
kadane's algorithm,1958,37540,5.22%,5.75
programming jokes,1913,8397,22.78%,2.08
how to earn bitcoin,1849,34207,5.41%,5.32
earn bitcoin,1827,31101,5.87%,7.28
hackinject,1792,7956,22.52%,1.83
xrp,1782,441219,0.40%,8.74
types of charts,1768,32114,5.51%,4.51
machine learning vs deep learning,1733,25616,6.77%,4.94
ml tweet,1661,18623,8.92%,6.85
kotlin vs flutter,1613,6981,23.11%,2.74
ethernet not working,1597,9507,16.80%,2.61
nude models,1560,20078,7.77%,16.28
data preprocessing,1491,23647,6.31%,4.51
data structures and algorithms interview questions,1479,10924,13.54%,3.7
dls 2020 hack,1467,10935,13.42%,4.59
programmer jokes,1463,5480,26.70%,1.42
iphone emulator,1451,25345,5.72%,6.5
how do uber eats drivers get paid,1435,7324,19.59%,2.34
flutter vs kotlin,1401,6655,21.05%,2.98
free proxy,1332,85871,1.55%,14.2
curl request,1326,7810,16.98%,2.9
gbtc,1316,66739,1.97%,7.1
curl get request,1312,13291,9.87%,3.1
omi in a hellcat,1298,31479,4.12%,10.61
symfony vs laravel,1270,6448,19.70%,3.14
containerization,1267,44334,2.86%,3.29
how much do uber eats drivers make,1266,46548,2.72%,5
android emulator windows 10,1234,27853,4.43%,4.92
iphone x recovery mode,1225,12232,10.01%,4.97
raspberry pi zigbee,1222,3857,31.68%,2.83
kmode exception not handled,1218,115287,1.06%,8.32
learn programming,1208,26032,4.64%,3.95
best proxy sites,1172,18823,6.23%,6.52
gitlab vs github,1145,13953,8.21%,4.02
jsonl,1086,7755,14%,2.31
laravel vs symfony,1074,7076,15.18%,4.09
one-hot encoding,1068,11306,9.45%,4.38
whois history,1064,11734,9.07%,5.58
is whatsapp safe,1048,28756,3.64%,4.92
dls hack,1038,6317,16.43%,3.3
8 ball pool free coins,1031,7933,13%,7.37
zigbee raspberry pi,1031,3534,29.17%,3.34
install vnc server ubuntu,1011,4987,20.27%,2.58
types of chart,1004,17819,5.63%,4.25
flutter templates,979,7553,12.96%,3.4
usdc vs usdt,954,8522,11.19%,3.2
call of duty mobile cp hack,946,3220,29.38%,4.62
mvvm vs mvc,930,9639,9.65%,3.1
typescript import json,919,4440,20.70%,2.38
coding jokes,917,4860,18.87%,1.44
best free proxy sites,910,12831,7.09%,6.77
hacking codes,909,18615,4.88%,5.7
vince van meer,899,7954,11.30%,5.26
township hack,896,15210,5.89%,7.65
last day on earth hack,894,7497,11.92%,6.49
vires in numeris,883,16243,5.44%,3.81
technical debt,875,58271,1.50%,6.27
dns history,867,29365,2.95%,6.31
train to busan 2 watch online,866,4699,18.43%,6.37
types of graphs,850,6000,14.17%,12.02
python _,849,2377,35.72%,2.73
anonymous browser,835,14428,5.79%,5.28
hack tools .vip/cash app,833,4188,19.89%,3.48
proxy site,824,63306,1.30%,15.63
cod mobile cp hack,824,3316,24.85%,5.16
git pull request command line,820,6447,12.72%,3.8
react native tutorial 2020,812,2769,29.32%,2.35
cross platform mobile development,810,10311,7.86%,1.8
async await vs promises,805,5486,14.67%,4.25
fastest sorting algorithm,790,14656,5.39%,4.05
github vs gitlab,788,5906,13.34%,3.63
single responsibility principle,786,27828,2.82%,6.6
worst programming language,781,2859,27.32%,2.43
marketing quotes 2020,773,2845,27.17%,1.03
system design interview questions,756,22663,3.34%,7.22
how to hack whatsapp account,746,5802,12.86%,4.23
chart,739,9548,7.74%,3.05
mvc vs mvvm,736,7423,9.92%,3.23
python __,729,2317,31.46%,2.89
atom python,721,20728,3.48%,6.15
javascript table library,720,2252,31.97%,1.89
best keylogger,713,4815,14.81%,2.79
componentwillreceiveprops,702,20190,3.48%,5.48
object oriented design interview questions,697,1918,36.34%,1.85
ruby read json file,694,1089,63.73%,1.08
ethernet cable not working,690,5358,12.88%,2.51
how to fake an email,681,1286,52.95%,1
react smooth scroll,673,3177,21.18%,2.84
amqp vs mqtt,671,3845,17.45%,2.82
difference between machine learning and deep learning,669,10869,6.16%,4.91
flutter template,669,5467,12.24%,3.39
best way to learn javascript,668,4911,13.60%,2.81
solo leveling scan,666,90108,0.74%,7.93
please throw me away,665,36245,1.83%,6.54
is lumin pdf safe,664,4395,15.11%,2.94
version control system,657,24403,2.69%,6
free proxy sites,657,15738,4.17%,10.13
need for speed no limits hack,657,5473,12%,6.88
usdt vs usdc,653,5044,12.95%,3.22
bitcoin bubble,650,12677,5.13%,8.65
docker postgres,639,32453,1.97%,6.47
call of duty mobile hack free cp,638,2345,27.21%,4.73
whats app hack,635,3785,16.78%,3.5
developer jokes,635,2088,30.41%,1.45
android emulator for windows 10,632,28184,2.24%,5.94
snapchat password finder,630,5044,12.49%,8.15
git explained,619,2329,26.58%,1.38
image annotation,617,10016,6.16%,1.69
how to hack whatsapp chat,615,2619,23.48%,2.72
webhook vs api,613,2714,22.59%,2.2
keylogger for windows,609,2640,23.07%,2.42
hackermoon,609,1094,55.67%,1.1
bitcoin bubble 2020,607,2683,22.62%,2.95
node js vs javascript,604,3687,16.38%,2.27
python ai library,604,2404,25.12%,1.6
postgres docker,603,29592,2.04%,6.17
timsort,603,13723,4.39%,4.65
digital marketing quotes 2020,600,1753,34.23%,1.17
how to trade cryptocurrency,599,15628,3.83%,9.57
notion habit tracker,598,5314,11.25%,4.24
snapchat password hacker download 2020,597,2441,24.46%,5.08
how to calculate big o notation examples,595,2641,22.53%,2.76
crypto.com vs binance,595,1346,44.21%,1.57
ubuntu vnc server,594,8104,7.33%,5.28
hex crypto,589,24996,2.36%,8.49
razor pages vs mvc,589,3512,16.77%,3.41
page fault in nonpaged area windows 10,583,14644,3.98%,6.56
gbtc stock,579,29829,1.94%,6.19
crypto.com vs coinbase,575,2705,21.26%,2.4
python roadmap,568,4657,12.20%,4.14
total sportek,567,163602,0.35%,8.98
git rebase interactive,566,14472,3.91%,6.03
chart types,565,12078,4.68%,6.69
python open source projects,565,3105,18.20%,2.33
how to spend bitcoin,562,6093,9.22%,3.36
saas architecture,560,3742,14.97%,1.21
7 day fast,559,7592,7.36%,6.33
python password cracker script,559,1651,33.86%,1.56
proxy sites,558,25759,2.17%,11.15
duckduckgo vs google,554,26987,2.05%,6.22
javascript challenges,552,5562,9.92%,4.67
yespornplease,550,16238,3.39%,32.38
crypto trading strategies,549,6193,8.86%,4.81
attention mechanism,548,7840,6.99%,4.59
ipfs,546,50416,1.08%,9.21
react ui library,546,6980,7.82%,6.12
whatsapp hack app,544,6589,8.26%,6.95
how to hack a bitcoin account,544,2690,20.22%,2.65
wake on lan over internet,544,2041,26.65%,1.93
hack dls 2020,543,2393,22.69%,4.17
world war heroes hack,539,5122,10.52%,6.55
ethernet port not working,537,4143,12.96%,2.31
python developer roadmap,530,2017,26.28%,2.43
algorithm interview questions,529,6153,8.60%,5.08
how to hack watsapp,529,2454,21.56%,2.77
ripple,525,6065,8.66%,8.19
eventual consistency vs strong consistency,520,1863,27.91%,1.02
eventual consistency,517,16741,3.09%,2.8
snapchat account hacker version 11.6,517,1912,27.04%,3.05
pes hack,516,3121,16.53%,3.7
err_connection_timed_out,511,80117,0.64%,7.66
understanding git,507,1299,39.03%,1.13
who does google think i am,502,1862,26.96%,2.32
angular server side rendering,501,5868,8.54%,3.68
javascript copy to clipboard,500,25140,1.99%,7.12
best no code app builder,494,2805,17.61%,2.84
8 ball pool coins hack,494,2656,18.60%,5.59
mvvm,493,26888,1.83%,11.33
supertest,492,22017,2.23%,4.82
javascript coding challenges,490,3975,12.33%,4.36
execution plan in sql server,486,2712,17.92%,3.11
new software 2020,486,1865,26.06%,1.61
best algorithms book,486,1536,31.64%,1.38
td sequential,485,4457,10.88%,5.05
what is python good for,483,3016,16.01%,2.72
raspberry pi headless setup,482,4640,10.39%,3.01
git create pull request command line,481,2609,18.44%,3.56
call of duty mobile hack cp,481,1560,30.83%,4.06
how to hack whats app,480,3000,16%,3.11
cod mobile hack cp,475,1681,28.26%,4.4
recovery mode iphone x,474,4595,10.32%,4.71
golang reverse proxy,471,2154,21.87%,3.73
hack watsapp,466,1489,31.30%,2.37
java vs javascript,465,61213,0.76%,2.92
dls 2020 unlimited coins hack,465,4286,10.85%,6.17
open source python projects,461,2050,22.49%,2.24
free 8 ball pool coins,460,2499,18.41%,6.61
mongoose typescript,459,8932,5.14%,5.74
python projects with source code github,458,2324,19.71%,3.81
best sql courses,456,3558,12.82%,3.8
what are the 16 types of chart,455,2077,21.91%,1.18
8 ball pool coin hack,451,2296,19.64%,5.42
best defi projects,451,1774,25.42%,3.54
snapchat password hack,445,2772,16.05%,7.27
ethernet connection not working,444,2624,16.92%,2.36
corona 666,443,3445,12.86%,5.54
ubuntu install vnc server,443,2135,20.75%,2.43
what is one hot encoding,441,2578,17.11%,2.9
uber eats driver pay,440,8180,5.38%,5.39
free proxy server,439,20746,2.12%,12.46
how to use atom for python,439,1872,23.45%,2.32
import json typescript,437,1248,35.02%,1.84
just leave me be manga,436,15571,2.80%,6.91
alt season,434,8391,5.17%,5.07
version control systems,434,5556,7.81%,4.83
free proxy site,433,19082,2.27%,10.96
data structures and algorithms books,433,5976,7.25%,2.81
zero knowledge proof,431,12666,3.40%,7.3
how does git work,431,3161,13.63%,3.39
whatsapp hacking c program,431,2167,19.89%,4.14
django enum,428,1420,30.14%,1.88
best anonymous browser,427,2360,18.09%,2.39
how to start a cryptocurrency,427,2035,20.98%,1.76
lumin pdf safe,426,2682,15.88%,3.17
c++ multithreading,423,8446,5.01%,5.85
how git works,423,3339,12.67%,4.2
gui design,422,7725,5.46%,3.25
algorithms book,422,5662,7.45%,2.14
how to hack whatsapp online,421,2767,15.22%,5.6
deauthentication attack,421,2575,16.35%,2.04
go programming language,420,44062,0.95%,10.11
totalsportek,419,109552,0.38%,9.75
how does uber eats pay,416,1986,20.95%,3.93
interface segregation principle,414,13754,3.01%,6.23
yolo explained,414,1098,37.70%,1.35
when to use kubernetes,414,951,43.53%,1.91
covid 666,413,2857,14.46%,6.61
how to hack bitcoin,413,2122,19.46%,2.99
how to use coinbase,412,3652,11.28%,4.82
data preprocessing steps,410,2821,14.53%,3.71
nodejs vs php,405,5141,7.88%,4.29
ai trading,404,7809,5.17%,5.79
cross platform development,403,6291,6.41%,1.99
rubber ducky usb,402,10974,3.66%,6.65
for _ in range,402,3192,12.59%,3.48
pes 2020 hack,402,2613,15.38%,3.62
hot encoding,401,2154,18.62%,1.45
no code app builder,398,13788,2.89%,8.85
defi projects,397,4559,8.71%,5.66
how kafka works,395,1583,24.95%,1.31
componentwillmount in functional component,394,555,70.99%,1
genetic algorithm python,393,8701,4.52%,8.83
o(log n),393,4635,8.48%,3.08
how to hack instagram followers 2020,391,3146,12.43%,9.13
golang basics,391,1294,30.22%,2.32
ubuntu install vnc,390,1594,24.47%,2.33
hacker whatsapp,389,3195,12.18%,7.03
how much does uber eats pay,388,27382,1.42%,5.72
free python course,385,16612,2.32%,8.33
saas companies in chennai,383,733,52.25%,1.03
rollup typescript,382,5788,6.60%,5.31
amazon affiliate commission rate 2020,382,4877,7.83%,5.11
how to make money on shopify,382,3654,10.45%,1.2
docker nginx php,382,2620,14.58%,5.7
smooth scroll react,382,1652,23.12%,2.63
dls 2020 hack coins and diamonds,381,4242,8.98%,8.83
ethernet not connected,379,3208,11.81%,2.79
wordpress sucks,379,876,43.26%,1.1
domain history,378,8588,4.40%,8.53
c++ machine learning,378,2557,14.78%,3.36
windows keylogger,375,2870,13.07%,4.09
setup atom for python,375,663,56.56%,1.27
best android emulator for windows 10,373,7643,4.88%,4.37
keylogger windows 10,373,4458,8.37%,5.91
raspberry pi zigbee hub,373,1167,31.96%,1.76
mysql create admin user,373,1101,33.88%,1.5
how does uber eats work,369,4804,7.68%,5.84
habit tracker notion,369,3643,10.13%,4.58
es6 export,368,4201,8.76%,3.24
call of duty cp hack,368,1518,24.24%,4.94
how to containerize an application,368,1514,24.31%,1.38
bugman,367,13954,2.63%,4.6
react native bridge,367,2377,15.44%,3.24
hacker code,366,10617,3.45%,6.73
future technologies,366,9668,3.79%,6.81
7 day water fast,363,3258,11.14%,7.12
node.js vs javascript,362,2431,14.89%,2.32
solid principles,359,35767,1%,11.02
usb rubber ducky,359,15260,2.35%,8.64
freeproxy,358,37909,0.94%,10.07
create your own cryptocurrency,357,2786,12.81%,2.2
padre no hay más que uno 2 pelicula completa en español gratis,356,2934,12.13%,7.45
poop emoji,355,287543,0.12%,9.07
pinebook pro,355,27836,1.28%,8.67
elliptic curve cryptography,354,19675,1.80%,10.11
angular vs react vs vue,354,9845,3.60%,5.75
js table library,354,896,39.51%,1.78
promise vs async await,353,2993,11.79%,4.74
flutter templates free,353,1939,18.21%,4.53
please throw me away manga,351,9853,3.56%,5.33
best data structures and algorithms book,351,1680,20.89%,2.63
javascript challenges for beginners,350,864,40.51%,1.93
rockstar developer,348,2230,15.61%,1.92
bugmen,347,6721,5.16%,3.3
hack whatsapp account,347,1923,18.04%,3.38
web design and development,345,52735,0.65%,10.96
full stack engineer,345,23182,1.49%,3.94
python projects github,344,4009,8.58%,5.55
install vnc ubuntu,344,1540,22.34%,2.58
full stack,342,90372,0.38%,6.25
cross platform mobile app development,340,7338,4.63%,1.77
how to create your own cryptocurrency,340,2431,13.99%,3.34
nfs no limits hack,340,2077,16.37%,5.7
hack snapchat password,340,1783,19.07%,6.3
nested objects javascript,340,1726,19.70%,2.63
data structure interview questions,339,15067,2.25%,10.03
whatsapp chat hack,339,1361,24.91%,3.14
developer experience,338,3990,8.47%,4.1
how to use coinbase pro,338,1925,17.56%,3.73
hardware startups,338,1108,30.51%,1.7
please throw me away novel,337,6354,5.30%,6.61
please throw me away raw,337,2888,11.67%,3.34
different types of charts,336,7763,4.33%,4.75
need for speed no limits mod apk,336,4500,7.47%,10.51
stripe atlas,335,29394,1.14%,5.79
typescript read json file,334,1924,17.36%,2.25
hack whats app,334,1480,22.57%,2.97
page fault in non paged area,333,7657,4.35%,4.65
what is full stack developer,332,27823,1.19%,2.12
blockchain projects,332,5458,6.08%,7.08
uber eats pay,331,6001,5.52%,6.47
how to hack a whatsapp,331,2515,13.16%,3.86
docker yarn,331,2000,16.55%,4.12
github flow,330,17550,1.88%,6.6
how to hack a website,330,9473,3.48%,7.03
vince van meer vermogen,329,1931,17.04%,2.13
javascript advanced concepts,328,2168,15.13%,4.58
how to hack whatsapp messages,327,2405,13.60%,3.47
altstore,326,59515,0.55%,8.52
hack whatsapp online,326,2613,12.48%,7.13
git pull from another branch,325,10396,3.13%,4.2
how to become a product manager,325,10082,3.22%,8.51
how to publish website on github,325,845,38.46%,2.01
whois history free,324,1524,21.26%,3.02
cypress vs protractor,323,1216,26.56%,2.44
how to organize your day,322,2292,14.05%,3.91
padre no hay más que uno 2 pelicula completa gratis,322,1330,24.21%,4.05
cod cp hack,321,1281,25.06%,5.24
nexus mac torrent,321,1126,28.51%,2.05
what is hacking,318,22486,1.41%,10.16
what is helm,318,8684,3.66%,4.05
elastic net regression,318,6044,5.26%,6.34
generate pdf javascript,317,1222,25.94%,1.58
discord vs slack,315,16327,1.93%,7.94
speech to text python,315,4841,6.51%,6.3
uber eats driver,315,2943,10.70%,13.91
spotify proxy settings,315,1494,21.08%,1.42
algorithm book,314,3669,8.56%,2.04
why is my ethernet not working,314,2948,10.65%,2.78
algorithmic trading,313,22231,1.41%,13.94
full stack developer meaning,313,17473,1.79%,1.69
git interactive rebase,313,6758,4.63%,5.75
lodash compose,313,1509,20.74%,2.61
netflix tech stack,312,1783,17.50%,2.39
jsonl vs json,312,557,56.01%,1.08
php vs node.js,310,4783,6.48%,4.83
hacknoon,310,458,67.69%,1
best proxy server,309,15645,1.98%,8.76
raspberry zigbee,309,1190,25.97%,4.32
train to busan 2 online,308,2412,12.77%,9.83
c++ linux,307,2713,11.32%,4.14
emulator for iphone,306,15253,2.01%,6.46
hack 8 ball pool,305,5344,5.71%,9.24
how to make a reddit bot,305,1714,17.79%,3.38
node js vs php,304,6240,4.87%,4.7
hack snapchat password download,304,1607,18.92%,6.37
__ python,304,955,31.83%,2.47
err connection timed out,302,6710,4.50%,5.93
bsod page fault in nonpaged area,301,3326,9.05%,3.62
hack for whatsapp,300,3684,8.14%,9.09
how to whatsapp hack,300,1516,19.79%,2.89
the square root of 23 by newton raphson method,300,573,52.36%,2.25
oculus quest 2 battery pack,298,6274,4.75%,8.89
snapchat password hacker,297,1018,29.17%,4.59
law of demeter,296,11899,2.49%,5.43
how to hack dls 2020,296,2188,13.53%,3.82
for _ in range python,295,893,33.03%,5.18
data structures and algorithms book,294,3258,9.02%,3.16
version control,293,42657,0.69%,8.73
how does math.random work,293,942,31.10%,2.33
hakernoon,292,376,77.66%,1
difference between java and javascript,290,59588,0.49%,1.19
types of hacking,289,15422,1.87%,7.91
math for programmers,289,2715,10.64%,4.81
pyenv pipenv,289,925,31.24%,3.6
mqtt vs amqp,288,1924,14.97%,3.35
my ethernet is not working,288,1745,16.50%,1.53
watsapp hack,288,1264,22.78%,3.34
atom python ide,286,1696,16.86%,3.44
placeholder in python,284,1483,19.15%,2.09
ood interview questions,284,665,42.71%,1.02
notion templates,283,6568,4.31%,12.24
typescript extension methods,283,1806,15.67%,3.74
td sequential indicator,283,1802,15.70%,3.27
how to hack what's app,283,1623,17.44%,3.34
covid 19 666,283,1362,20.78%,3.82
algorithms to live by,282,28169,1%,8.65
piratebay,281,137026,0.21%,21.25
darkwep,281,3879,7.24%,6.07
flutter template free,280,1545,18.12%,4.92
whatsapp web hack version,279,2142,13.03%,4.53
why use kubernetes,279,1714,16.28%,4.28
devops team,278,5125,5.42%,1.47
github python projects,278,4599,6.04%,5.73
how to reverse time,278,1677,16.58%,1.57
why use vim,278,1165,23.86%,3
deauth attack,277,2402,11.53%,3.47
yarn docker,277,1594,17.38%,4.41
alt season 2020,277,1421,19.49%,1.89
jest api testing,277,1112,24.91%,3.62
why learn python,276,4517,6.11%,6.03
how to make your own cryptocurrency,276,2392,11.54%,3.67
google colab free gpu limit,276,740,37.30%,1.16
cross platform app,275,2766,9.94%,2.27
binance trailing stop,275,2281,12.06%,3.45
data developer,274,2358,11.62%,3.09
react to react native,274,2222,12.33%,4.64
bitcoin puzzle,274,1848,14.83%,3.92
stripe atlas review,274,788,34.77%,1.74
postgresql docker,273,12219,2.23%,7.57
zapier notion,272,2127,12.79%,2.49
buy bitcoin anonymously,271,7705,3.52%,6.45
free android emulator for windows 10,270,1561,17.30%,2.13
xgboost sklearn,269,10166,2.65%,6.72
snapchat.x-hack.eu,269,1963,13.70%,5.98
reverse engineering ctf,269,884,30.43%,2.49
javascript nested objects,268,1339,20.01%,2.55
how to calculate big o,268,1085,24.70%,2.3
biggest crypto exchanges 2020,268,925,28.97%,2.29
yolo architecture,267,3578,7.46%,4.34
dls hack 2020,267,1095,24.38%,2.82
ios app lifecycle,266,1772,15.01%,3.11
new defi projects,266,1076,24.72%,3.99
call of duty hack cp,266,902,29.49%,3.98
data science coding interview questions,266,824,32.28%,1.57
copy to clipboard javascript,265,10761,2.46%,7.68
web3.0,265,2704,9.80%,4.57
puppeteer waituntil,265,1505,17.61%,3.6
how to hack bitcoin wallet,265,1043,25.41%,2
how to start a fintech company,265,966,27.43%,2.35
componentwillmount functional component,265,410,64.63%,1.01
how to earn bitcoins,264,6652,3.97%,6.04
8 ball pool hack coins,264,1902,13.88%,6.71
how does rsa work,263,1467,17.93%,1.15
c++ builder pattern,263,953,27.60%,3.2
system design basics,263,781,33.67%,1.95
best proxy,262,6755,3.88%,6.81
snapchat password decryptor,262,3485,7.52%,6.55
earn btc,261,4879,5.35%,7.42
react ui components,261,3631,7.19%,5.83
nginx php docker,261,1649,15.83%,5.07
_ python,261,1521,17.16%,2.99
react search bar,260,4117,6.32%,7.41
how to protect your instagram account from hackers,260,3010,8.64%,3.23
hack whatapp,260,843,30.84%,2.32
binance or crypto.com,260,484,53.72%,1.28
uncensored search engine,259,6810,3.80%,5.3
interactive rebase,259,3729,6.95%,4.49
difference between web design and web development,259,2828,9.16%,1.34
advanced javascript concepts,259,2602,9.95%,4.85
lasso vs ridge regression,259,1977,13.10%,3.82
golang cuda,259,603,42.95%,1.51
types of linear regression,258,2451,10.53%,3.23
where to learn javascript,258,1341,19.24%,1.45
javascript create pdf,258,1327,19.44%,2.09
javascript generate pdf,258,1140,22.63%,2.1
docker reduce image size,258,624,41.35%,1.56
react bootstrap vs material ui,257,1472,17.46%,4.09
how to create a cryptocurrency,256,5967,4.29%,5.44
express ssl,256,1078,23.75%,2.39
react vs angular vs vue,255,6632,3.84%,5.87
google who am i,255,4008,6.36%,4.01
wireless mesh network disadvantages,254,6948,3.66%,8.04
hack snapchat,254,2299,11.05%,17.73
please leave me behind novel,254,1536,16.54%,4.32
sql courses,253,7978,3.17%,5.61
sklearn xgboost,253,5358,4.72%,5.81
table js,253,3001,8.43%,5.09
ridge regression vs lasso,253,1431,17.68%,1.33
hack cp call of duty mobile,253,970,26.08%,5.07
reduce docker image size,253,907,27.89%,2.52
swift multithreading,253,731,34.61%,1.71
whatapp hack,251,1214,20.68%,3.27
golang clean architecture,250,2176,11.49%,5.51
react native infinite scroll,250,1488,16.80%,3.93
how to hack whatapp,250,1292,19.35%,2.79
placeholders in python,249,794,31.36%,1.59
app ideas 2021,249,637,39.09%,2.74
javascript diagram library,248,1174,21.12%,2.27
programming languages for cyber security,248,1049,23.64%,1.93
react roadmap 2020,248,995,24.92%,2.48
kadane algorithm,247,10581,2.33%,6.25
big o notation,247,2728,9.05%,19.42
how to design an api,247,1172,21.08%,3.34
strong consistency vs eventual consistency,247,709,34.84%,1.02
protractor vs cypress,246,1079,22.80%,2.68
keylogger software,245,4458,5.50%,8.4
call of duty mobile hack,245,2813,8.71%,10.57
gifts for programmers,244,3940,6.19%,9.22
nes emulator ios,244,2815,8.67%,5.43
json to google sheets,244,1927,12.66%,4.83
plot decision boundary python,244,723,33.75%,2.49
call of duty mobile mod apk unlimited cp,242,2028,11.93%,5.98
how to earn btc,242,1619,14.95%,1.85
hack whatsapp by entering whatsapp number to be hacked,242,799,30.29%,3.46
binance vs crypto.com,241,607,39.70%,1.41
what is a full stack developer,240,20782,1.15%,2.34
flaky test,240,4895,4.90%,3.06
algorithms interview questions,240,2638,9.10%,5.05
software design interview questions,240,1439,16.68%,2.85
markov model,239,18146,1.32%,3.32
international parcel service,239,15171,1.58%,11.17
git merge vs rebase,239,10670,2.24%,6.5
difference between mvc and mvvm,239,1007,23.73%,2.26
python for _ in range,239,637,37.52%,4.28
data structures and algorithms roadmap,239,429,55.71%,1.1
da vinci daily routine,238,1080,22.04%,2.66
spotify premium account,237,4900,4.84%,12.23
medium pricing,237,3963,5.98%,4.83
pinebook pro review,237,1793,13.22%,4.32
c++ machine learning library,237,679,34.90%,2.15
alpine linux,236,18768,1.26%,9.75
how to fix ethernet connection,236,2247,10.50%,2.74
programming concepts,235,4231,5.55%,5.6
future of python,235,1895,12.40%,3.39
solid principles javascript,235,1472,15.96%,3.31
hex scam,235,1144,20.54%,3.9
flutter or kotlin,235,830,28.31%,2.93
rubiks cube hack,235,677,34.71%,2.18
qualities of an entrepreneur,234,15414,1.52%,4.04
python pipe operator,234,1708,13.70%,2.74
call of duty mobile unlimited cp,234,852,27.46%,3.5
types of machine learning,233,18178,1.28%,11.81
how does google make money,233,14765,1.58%,6
react ui libraries,233,3185,7.32%,5.71
free c++ course,233,1905,12.23%,4.95
java roadmap,232,4370,5.31%,5.31
how does kafka work,232,995,23.32%,1.21
how to start trading cryptocurrency,231,1228,18.81%,1.13
padre no hay más que uno 2 película completa en español gratis,231,1177,19.63%,5.38
js copy to clipboard,230,14064,1.64%,7
notion zapier,230,1581,14.55%,2.59
what is visa provisioning service,229,2126,10.77%,3.32
8 ball pool coins free,229,1258,18.20%,6.51
phpstorm docker xdebug,229,1054,21.73%,3.6
best programming language for cyber security,229,1005,22.79%,1.84
how to hack whatsapp chats,229,1005,22.79%,2.44
async await,228,59334,0.38%,10.42
disagree and commit,228,6121,3.72%,3.45
private search engines,227,16551,1.37%,8.41
freelance marketplace,227,5951,3.81%,5.22
headless raspberry pi setup,227,1275,17.80%,2.62
infinite scroll react hooks,227,573,39.62%,2.6
codm cp hack,226,1920,11.77%,7.16
how to hack whatsap,226,1092,20.70%,2.99
async vs promise,225,663,33.94%,1.77
programmer joke,224,870,25.75%,1.19
atom python setup,224,506,44.27%,1.46
phpstorm xdebug docker,222,1261,17.61%,4.28
how are uber eats drivers paid,222,930,23.87%,2.58
python frameworks for data science,222,879,25.26%,2.09
largest crypto exchanges 2020,222,780,28.46%,2.08
golang pros and cons,222,527,42.13%,1.02
usb killer,221,17631,1.25%,10.63
jwt vs cookie,221,1096,20.16%,2.76
maximilian schwarzmüller net worth,221,763,28.96%,2.04
magic link,220,9861,2.23%,6.37
react backend,220,3944,5.58%,6.49
programming joke,220,917,23.99%,1.58
elastic stack,219,14248,1.54%,9.78
how to hack website,219,4269,5.13%,6.03
difference between deep learning and machine learning,219,4242,5.16%,4.75
keylogger windows,219,1350,16.22%,4.64
version control system examples,219,989,22.14%,2.13
ruby on rails vs laravel,219,932,23.50%,2.55
why vim,219,613,35.73%,1.87
unblock proxy sites,218,4598,4.74%,16.14
data structures book,218,2378,9.17%,2.7
pes 2020 hack.club,218,2120,10.28%,5.8
crypto exchange list,218,1771,12.31%,5.24
cyber security programming languages,218,1525,14.30%,2.45
ubuntu enable vnc,218,1003,21.73%,2.31
setting up atom for python,218,414,52.66%,1.31
150 search engines,217,2151,10.09%,3.66
hack whatsapp chat,217,672,32.29%,1.87
binance vs crypto,217,464,46.77%,1.6
hacking code,216,4471,4.83%,8.39
java developer roadmap,216,2569,8.41%,4.47
kotlin vs java android,216,2359,9.16%,4.6
best algorithm book,216,914,23.63%,2.17
rails custom validation,215,1847,11.64%,3.19
vst torrent,214,5162,4.15%,16.66
atom for python,214,2517,8.50%,5.26
different types of graphs,214,1470,14.56%,11.57
javascript open source projects,214,569,37.61%,1.16
qualities of entrepreneur,213,9867,2.16%,5.62
flutter app templates,213,1528,13.94%,3.8
promises vs async await,213,1299,16.40%,4.39
machine learning c++,213,1107,19.24%,3.16
reverse whois,212,5533,3.83%,8.22
what's app hack,212,949,22.34%,2.24
why wordpress sucks,212,422,50.24%,1.15
mongodb vs mysql,211,13464,1.57%,7.91
material ui vs bootstrap,211,2993,7.05%,6.31
why is python slow,211,1130,18.67%,2.77
coronavirus 666,211,893,23.63%,3.74
microsoft codess,210,2309,9.09%,3.31
emulators for ios,209,8786,2.38%,6.74
graph traversal,209,6426,3.25%,6.73
zigbee raspberry,209,1022,20.45%,6.45
windows 10 page fault in nonpaged area,208,3509,5.93%,5.68
python bcrypt,208,3220,6.46%,3.94
apk emulator for windows 10,208,1307,15.91%,3.01
how does uber eats pay drivers,208,975,21.33%,3.83
yubikey vs google authenticator,208,836,24.88%,1.54
best books on algorithms,208,682,30.50%,1.52
docker swarm vs kubernetes 2020,208,636,32.70%,1.28
docker mariadb phpmyadmin,208,458,45.41%,2.04
axios vs fetch,207,15294,1.35%,7.55
lightning link free coins 2020,207,1608,12.87%,7.38
pyenv vs pipenv,207,994,20.82%,2.47
what is spotify,206,80624,0.26%,10.7
future of web development,206,2455,8.39%,5.99
7 day fast results,206,1844,11.17%,5.09
lan connection not working,206,1025,20.10%,2.34
top defi projects,206,858,24.01%,3.37
how to hack whatsaap,206,806,25.56%,2.63
pipenv pyenv,206,585,35.21%,2.95
blockchain engineer,205,3231,6.34%,1.92
best android emulator windows 10,205,3047,6.73%,3.26
oop design principles,205,1024,20.02%,1.33
distroless vs alpine,205,638,32.13%,1.41
how to send a fake email,205,586,34.98%,1.45
git rebase vs merge,204,19539,1.04%,7.94
free proxy servers,204,6829,2.99%,10.53
gardenscapes hack,204,5814,3.51%,9.46
how to make a cryptocurrency,204,3885,5.25%,4.65
php vs nodejs,204,2212,9.22%,4.53
how to hack a whatsapp account,204,1973,10.34%,4.54
whats app hacking,204,910,22.42%,2.63
what does google think of me,204,884,23.08%,2.91
math for programming,204,851,23.97%,1.65
c++ dependency management,204,808,25.25%,2.08
docker is dead,204,524,38.93%,2.45
full stack developer means,203,8021,2.53%,4.45
duckduckgo unblocked,203,7089,2.86%,8.84
omni in a hellcat,203,3433,5.91%,10.19
does bitcoin trade 24/7,203,2474,8.21%,2.95
algorithms and data structures book,203,1250,16.24%,2.12
low code mobile app development,203,941,21.57%,1.51
import json file typescript,203,681,29.81%,1.93
django saas,203,589,34.47%,2.08
sql course,202,12943,1.56%,9.03
what is containerization,202,8308,2.43%,3.74
node.js vs php,202,2723,7.42%,4.59
xrp ripple,202,2374,8.51%,8.66
mouse wheel jumping,202,1244,16.24%,3.41
database scaling,202,1139,17.73%,1.98
nwjs vs electron,202,933,21.65%,2.5
how to hack bitcoin using kali linux,202,764,26.44%,3.64
best algorithm books,202,638,31.66%,1.61
instagram story viewer tool,201,4250,4.73%,8.12
adaboost vs xgboost,201,1389,14.47%,2.78
flutter free templates,201,967,20.79%,4.57
blockchain social media,200,1499,13.34%,3.1
most popular react ui framework,200,896,22.32%,2.68
install vnc server,200,895,22.35%,2.45
scan solo leveling,199,22395,0.89%,7.98
medium subscription,199,5273,3.77%,6.94
whatsaap hack,199,829,24%,3.38
best app builder,198,4201,4.71%,6.26
prometheus adapter,198,1653,11.98%,3.91
new crypto projects,198,1295,15.29%,3.84
react scroll,197,6391,3.08%,7.06
gold vs bitcoin,197,2119,9.30%,5.8
how to hack mobile camera with ip address,197,2038,9.67%,5.18
systems thinking book,197,1266,15.56%,1.58
how to read depth chart,197,1160,16.98%,3.69
service to service authentication,197,1154,17.07%,4.93
discord nitro hack,197,1153,17.09%,7.72
how to write api documentation,197,1134,17.37%,4.59
hack whatsaap,197,570,34.56%,2.66
how to hack bitcoin private key,197,373,52.82%,1.11
tech debt,196,15586,1.26%,6.26
"is html, css, and javascript completely free?",196,1868,10.49%,4.75
install docker on ec2,196,1108,17.69%,2.62
ethernet not connecting,196,1063,18.44%,2.22
rsa explained,196,979,20.02%,1.77
hack 8 ball pool coins,196,922,21.26%,5.73
ruby parse json file,196,376,52.13%,1.32
proxy free sites,195,5038,3.87%,10.65
parrot os vs kali,195,4501,4.33%,5.01
what technology stack is netflix built on?,195,2123,9.19%,4.3
javascript vs node.js,195,1632,11.95%,3.25
8 ball pool free coins and cash,195,1169,16.68%,7.59
material date picker android,195,763,25.56%,3.35
react typescript vs javascript,195,698,27.94%,4.22
how to design api,195,637,30.61%,2.16
htmlcollection to array,194,7866,2.47%,3.46
medium membership,194,3135,6.19%,5.42
algorithm books,194,1688,11.49%,2.39
placeholder python,194,1300,14.92%,2.97
youtube recommendation system,194,1138,17.05%,3.03
websocket load balancer,194,755,25.70%,1.97
async/await vs promises,193,1514,12.75%,4.28
neural network weights,193,1249,15.45%,2.82
need for speed no limits hack 2020,193,940,20.53%,6.17
rust blockchain,193,829,23.28%,2.62
future of xrp,193,693,27.85%,5.8
nodejs graceful shutdown,193,377,51.19%,1.22
readwise,192,26900,0.71%,5.27
slack vs discord,192,12790,1.50%,8.22
bitwise xor,192,10177,1.89%,6.4
hmac authentication,192,5077,3.78%,7.05
aireplay-ng deauth,192,2088,9.20%,4.27
python placeholder,192,1590,12.08%,3.22
ml frameworks,192,1557,12.33%,3.44
google sheets import json,192,1327,14.47%,4.5
how to install vnc server on ubuntu,192,782,24.55%,2.38
train to busan 2 full movie online,192,782,24.55%,7.17
preprocessing data,191,2768,6.90%,4.53
what is website designing and development?,191,1989,9.60%,3.97
docker php nginx,191,1730,11.04%,6.54
best defi projects 2021,191,504,37.90%,1.42
what is blockchain,190,8025,2.37%,18.73
event driven microservices,190,2911,6.53%,6.23
top crypto exchanges 2020,190,2815,6.75%,5.92
multi platform app development,190,2155,8.82%,1.75
compile javascript,190,1197,15.87%,3.77
noonies 2020 winner,190,939,20.23%,2.79
cod hack cp,190,668,28.44%,4.53
django model enum,190,627,30.30%,2.06
javascript for kids,189,3535,5.35%,8.21
what is a dao,189,2475,7.64%,3.52
depth chart trading,189,436,43.35%,1.42
angular vs react,188,17915,1.05%,9.95
crypto trading,188,12466,1.51%,19.81
static vs dynamic typing,188,1547,12.15%,3.42
grid bot,188,1042,18.04%,2.18
app creator,187,6859,2.73%,31.09
hack whatsap,187,665,28.12%,2.67
xrp future,187,616,30.36%,5.99
instagram api python,186,7207,2.58%,8.6
bulma vue,186,2369,7.85%,3.56
linux c++,186,1382,13.46%,4.3
how to calculate big o notation,186,629,29.57%,1.9
how does hacking work,185,2523,7.33%,6.48
kadanes algorithm,185,1949,9.49%,5.41
customize zsh,185,842,21.97%,3.03
pes 2020 hack club,184,3029,6.07%,6.52
wicked problems in design thinking,184,1578,11.66%,3.4
what are react hooks,184,1516,12.14%,4.67
mouse scroll wheel jumps,184,1260,14.60%,3.5
best place to learn javascript,184,1161,15.85%,1.87
coinbase or crypto.com,184,772,23.83%,1.94
best whois,184,685,26.86%,2.01
feed forward neural network python,184,550,33.45%,2.84
greentext generator,184,392,46.94%,1.32
flutter interview questions,183,6478,2.82%,8.96
python speech to text,183,3337,5.48%,6.25
how to setup atom for python,183,408,44.85%,1.99
hack reactor,182,20577,0.88%,7.92
unblocked search engine,182,5781,3.15%,7.81
free coins 8 ball pool,182,1540,11.82%,7.63
chatbot project in python with source code,182,1212,15.02%,3.43
call of duty unlimited cp,182,901,20.20%,4.21
ts import json,182,604,30.13%,1.88
python for _,182,589,30.90%,2.03
alpine update-ca-certificates,182,329,55.32%,1.19
notion integrations,181,5577,3.25%,7.25
xor properties,181,2908,6.22%,4.31
7 day water fast weight loss results,181,1750,10.34%,5.08
programmers jokes,181,638,28.37%,1.35
css grid vs flexbox,180,8127,2.21%,2.97
machine learning and deep learning,180,5354,3.36%,5.92
static typing,180,5202,3.46%,5.56
fagma,180,2407,7.48%,2.1
hack what's app,180,782,23.02%,2.71
how to dockerize an application,180,742,24.26%,3.76
nvm alternative,180,630,28.57%,1.21
bitcoin,179,15588,1.15%,6.21
dweb,179,9702,1.84%,5.4
programming tools,179,3678,4.87%,5.57
pocwapp,179,2761,6.48%,6.62
anonymous web browser,179,2323,7.71%,5.42
search bar react,179,2147,8.34%,6.57
how to hack snapchat password,179,1326,13.50%,6.99
docker xdebug phpstorm,179,1057,16.93%,4.11
proxy server free,178,7550,2.36%,12.02
rabbitmq nodejs,178,3101,5.74%,5.85
types of graph,178,1322,13.46%,9.83
is hex a scam,178,772,23.06%,3.14
eos wallet,177,9368,1.89%,8.87
afk arena hack,177,3958,4.47%,9.84
python aes,177,3581,4.94%,5.76
whatsapp hacker app,177,2164,8.18%,6.61
oculus quest battery pack,177,1483,11.94%,3.98
python spreadsheet,177,1279,13.84%,3.15
hack ip camera,177,1257,14.08%,4.02
whatsap hack,177,944,18.75%,3.7
nw.js vs electron,177,847,20.90%,3.07
how to hack 8 ball pool,176,2873,6.13%,7.43
algorithms books,176,1433,12.28%,1.6
curl http,176,1294,13.60%,4.21
interview questions on data structures and algorithms,176,1249,14.09%,4.15
open source javascript projects,176,540,32.59%,1.15
python cryptography aes,176,525,33.52%,2.48
devops course,175,5532,3.16%,9.95
altseason,175,4768,3.67%,7.52
sql execution plan,175,2713,6.45%,5.29
why kubernetes,175,2625,6.67%,7.39
mulan 2020 online,175,2372,7.38%,15.29
how to become a python developer,175,1364,12.83%,5.05
alpine vs ubuntu,175,979,17.88%,3.59
django enum field,175,892,19.62%,2.84
webhooks vs api,175,709,24.68%,2.33
cp hack cod mobile,175,523,33.46%,5.07
system programming,174,9863,1.76%,9.04
blue screen page fault in nonpaged area,174,2517,6.91%,4.79
best desktop for programming,174,1871,9.30%,4.57
need for speed no limits unlimited gold,174,693,25.11%,4.47
merkle tree,173,16306,1.06%,8.33
data structures interview questions,173,5215,3.32%,9.13
how to create a blockchain,173,1493,11.59%,3.86
ds algo interview questions,173,1181,14.65%,3.09
css grid vs bootstrap,173,961,18%,3.74
enable vnc ubuntu,173,649,26.66%,2.43
wol over internet,173,434,39.86%,1.47
best books on systems thinking,173,347,49.86%,1.09
gitlab stock,172,5010,3.43%,6.65
docker run postgres,172,3511,4.90%,5.75
flutter ui templates,172,1992,8.63%,6.41
no code mobile app builder,172,1726,9.97%,5.46
iphone x restore mode,172,1276,13.48%,3.41
how to build a web scraper,172,1264,13.61%,2.02
how to hack a gambling website,172,1129,15.23%,2.84
should i use typescript with react,172,484,35.54%,3.81
adaptive autosar,171,3339,5.12%,7.81
helm toyaml,171,1619,10.56%,4.64
is shutterstock safe,171,697,24.53%,2.49
log n,170,9412,1.81%,5.29
pornhub hack,170,1901,8.94%,5.79
php framework,169,10764,1.57%,10.86
graph traversal algorithms,169,2386,7.08%,4.57
install vnc,169,1389,12.17%,5
why is python so slow,169,1066,15.85%,2.67
create pdf javascript,169,703,24.04%,1.65
zoho mafia,169,248,68.15%,1
hacker noon.,169,216,78.24%,1
digital architecture,168,5151,3.26%,7
gaming laptop under 500,168,3593,4.68%,7.41
component will receive props,168,2832,5.93%,4.83
kali vs parrot,168,2771,6.06%,4.05
algorithm questions,168,2408,6.98%,5.03
devops courses,168,2098,8.01%,6.74
javascript concepts,168,1930,8.70%,4.79
how hacking is done,168,1387,12.11%,1.52
how hack whatsapp,168,1046,16.06%,3.47
xdebug docker phpstorm,168,902,18.63%,3.98
python ai libraries,168,502,33.47%,1.42
javascript vs java,167,16743,1%,2.66
go vs python,167,4140,4.03%,9.79
multithreading c++,167,3888,4.30%,7.02
aws blogs,167,3717,4.49%,4.45
extract table from pdf,167,3586,4.66%,7.48
relationship agreement,167,3023,5.52%,5
whatsapp hacking app,167,2326,7.18%,6.49
git pr,167,1921,8.69%,4.88
java template engine,167,1859,8.98%,4.97
7 day fast weight loss,167,1435,11.64%,6.14
apps made with python,167,1324,12.61%,2.96
template flutter,167,991,16.85%,3.1
best no code app builder 2020,167,557,29.98%,2.37
product owner vs product manager,166,10846,1.53%,9.11
api design,166,8877,1.87%,9.92
system design questions,166,3047,5.45%,6.42
laravel stripe integration,166,552,30.07%,1.7
god of war theories,166,549,30.24%,1.79
bettercap mitm,166,394,42.13%,2.49
bitbucket pipelines vs jenkins,166,288,57.64%,1.04
future technology,165,23853,0.69%,8.9
hacker codes,165,3774,4.37%,5.62
parrot vs kali,165,3096,5.33%,4.13
eslint nodejs,165,1077,15.32%,4.8
zigbee hub raspberry pi,165,436,37.84%,1.82
crypto portfolio tracker,164,4770,3.44%,9.49
windows page fault in nonpaged area,164,2365,6.93%,5.6
dart vs java,164,1712,9.58%,6.25
react contact form,164,1425,11.51%,5.02
o(logn),164,1420,11.55%,2.39
is python multithreaded,164,1097,14.95%,3.45
software engineer vs developer,163,7351,2.22%,7.54
learn dart,163,4151,3.93%,7.54
flaky tests,163,2528,6.45%,2.59
python aes encryption,163,2006,8.13%,5.47
typescript import json file,163,1567,10.40%,2.77
difference between web designing and web development,163,1307,12.47%,1.27
best sql course,163,1213,13.44%,3.45
hack snapchat account,163,994,16.40%,10.1
full stack software developer,162,7625,2.12%,2.93
bcrypt python,162,3465,4.68%,4.28
nhl api,162,1198,13.52%,2.67
trailing stop loss binance,162,978,16.56%,2.54
setup vnc server ubuntu,162,683,23.72%,2.9
change created date on file mac,162,257,63.04%,1.58
is whatsapp secure,161,9910,1.62%,8.38
selenium alternatives,161,3272,4.92%,5.94
server side rendering angular,161,2019,7.97%,4.72
android kotlin vs java,161,1010,15.94%,4.23
iphone 10 recovery mode,161,999,16.12%,3.47
python learning roadmap,161,758,21.24%,2.93
ruby load json file,161,256,62.89%,1.11
react webgl,160,901,17.76%,5.41
worst programming languages,160,587,27.26%,2.73
eventually consistent vs strongly consistent,160,531,30.13%,1.02
react ui,159,8416,1.89%,9.87
padre no hay más que uno 2 película completa,159,1882,8.45%,10.1
log n time complexity,159,1073,14.82%,3.03
backend for react,159,833,19.09%,4.97
pipenv vs pyenv,159,764,20.81%,2.6
microservices shared database,159,594,26.77%,3.91
coffeescript,158,7018,2.25%,12.22
solo entrepreneur,158,2194,7.20%,2.44
node vs php,158,1992,7.93%,4.41
atom ide python,158,1946,8.12%,4.03
log n complexity,158,1404,11.25%,2.78
free flutter templates,158,947,16.68%,5.19
django react authentication,158,741,21.32%,3.45
ethernet not working but wifi is,157,3669,4.28%,6.37
lasso vs ridge,157,2143,7.33%,4.43
oculus battery pack,157,1889,8.31%,5.35
padre no hay más que uno 2 película completa en español,157,1402,11.20%,8.59
wirehole,157,1323,11.87%,3.16
python web framework 2020,157,1292,12.15%,3.69
nintendo emulator iphone,157,1169,13.43%,4.08
pc ethernet not working,157,936,16.77%,3.03
kotlin or flutter,157,487,32.24%,2.06
best keylogger for windows,157,448,35.04%,1.53
graphql 2020,157,286,54.90%,1.81
hackernon,157,208,75.48%,1
ridge vs lasso,156,1569,9.94%,3.53
best weather api,156,1118,13.95%,5.23
everything as code,156,825,18.91%,2.68
how to publish github pages,156,484,32.23%,2.29
python performance,155,3388,4.57%,8.71
statically typed vs dynamically typed,155,2292,6.76%,3.83
javascript copy text to clipboard,155,2123,7.30%,5.21
kadane’s algorithm,155,1778,8.72%,5.03
cryptopunk,155,1284,12.07%,2.55
no ethernet connection,155,1070,14.49%,2.99
hack whatssap,155,1000,15.50%,4.18
upcoming defi projects,155,514,30.16%,4.33
kadane's algorithm explained,155,291,53.26%,1.21
python underscore,154,2351,6.55%,3.16
o log n,154,2020,7.62%,3.1
charts,154,1390,11.08%,3.1
ai for trading,154,1289,11.95%,4.8
proxy for spotify,154,808,19.06%,4.4
grid trading bot,154,565,27.26%,1.37
calculus in python,154,481,32.02%,1.99
multi vendor marketplace open source,153,1730,8.84%,2.09
dokkan battle hack,153,1348,11.35%,6.33
react native charts,153,1314,11.64%,5.16
peninsula watch online,153,1230,12.44%,10.16
c++ on linux,153,1143,13.39%,3.51
cheapest cdn,153,1056,14.49%,3.39
data structures and algorithms questions,153,783,19.54%,3.25
reverse shell,152,13137,1.16%,7.92
css grid responsive,152,5424,2.80%,9.27
vst crack,152,3615,4.20%,23.46
linkedin scraping,152,2018,7.53%,5.21
python apps,152,1708,8.90%,2.64
vue bulma,152,1253,12.13%,3.59
raspberry pi hydroponics,152,1092,13.92%,5.7
mvc vs razor pages,152,888,17.12%,3.74
python calculus,152,458,33.19%,1.88
rebase vs merge,151,15078,1%,7.45
bash for windows,151,7768,1.94%,7.83
windows 10 android emulator,151,3378,4.47%,4.76